"referencia","descr_produto","QTD Vendida","tipo_evento","essential_Y_N","tipo_colecao"
S5867B010,PAPETE RÁFIA BEGE,762,VERÃO 2026,Não,V26
S5867D009,TÊNIS RECORTES CAFE,615,VERÃO 2026,Não,V26
S58658724,RASTEIRA FLOR DOURADO,589,VERÃO 2026,Não,V26
S5867A010,RASTEIRA RAFIA BEGE,536,VERÃO 2026,Não,V26
S5867E881,TÊNIS CHUNKY OFF WHITE,530,VERÃO 2026,Não,V26
S5864J012,RASTEIRA ENFEITES CARAMELO,474,VERÃO 2026,Não,V26
S5865D170,RASTEIRA ENFEITE MEDALHAS MARROM,439,VERÃO 2026,Não,V26
S5869D055,RASTEIRA RÁFIA PALHA,415,VERÃO 2026,Não,V26
S5867I170,TÊNIS BORDADO MARROM,412,VERÃO 2026,Não,V26
S58654881,RASTEIRA CALCE FÁCIL ENFEITE OFF WHITE,405,VERÃO 2026,Não,V26
S58654012,RASTEIRA CALCE FÁCIL ENFEITE CARAMELO,372,VERÃO 2026,Não,V26
S5866Q009,RASTEIRA ESFERAS CAFE,366,VERÃO 2026,Não,V26
S5867J022,TÊNIS MULTI RECORTES ROSA,351,VERÃO 2026,Não,V26
S58647012,SANDÁLIA ENFEITES CARAMELO,339,VERÃO 2026,Não,V26
S5869E055,RASTEIRA RAFIA PALHA,334,VERÃO 2026,Não,V26
S585J0724,TAMANCO TEXTURIZADO DOURADO,328,VERÃO 2026,Não,V26
S5866C724,RASTEIRA TRANÇA DOURADO,324,VERÃO 2026,Não,V26
S5869R724,SANDÁLIA RÁFIA PEDRARIA DOURADO,305,VERÃO 2026,Não,V26
S58653881,TAMANCO ENFEITE OFF WHITE,299,VERÃO 2026,Não,V26
S58679012,RASTEIRA ENFEITES ESFERAS CARAMELO,286,VERÃO 2026,Não,V26
S58643012,TAMANCO TRAMADO NÓ CARAMELO,268,VERÃO 2026,Não,V26
S5864G012,RASTEIRA ENFEITES CARAMELO,266,VERÃO 2026,Não,V26
S58664881,RASTEIRA ENFEITES E TACHAS OFF WHITE,261,VERÃO 2026,Não,V26
S58656724,SANDÁLIA TIRAS NÓ DOURADO,248,VERÃO 2026,Não,V26
C5864A881,ANABELA ENFEITE NÓ OFF WHITE,246,VERÃO 2026,Não,V26
S58663012,RASTEIRA ENFEITES E SPIKES CARAMELO,242,VERÃO 2026,Não,V26
S5864Q724,SCARPIN TRESSÊ DOURADO,241,VERÃO 2026,Não,V26
S58657724,TAMANCO BICO FOLHA TIRA ÚNICA DOURADO,236,VERÃO 2026,Não,V26
S5868I881,SANDÁLIA FESTA BOTÃO STRASS OFF WHITE,231,VERÃO 2026,Não,V26
S5866E724,RASTEIRA LAÇOS DOURADO,231,VERÃO 2026,Não,V26
S5864G881,RASTEIRA ENFEITES OFF WHITE,230,VERÃO 2026,Não,V26
S58663002,RASTEIRA ENFEITES E SPIKES PRETO,223,VERÃO 2026,Não,V26
S5864N012,SANDÁLIA FIVELA CARAMELO,222,VERÃO 2026,Não,V26
S5866K039,TÊNIS PINGENTE BORDO,221,VERÃO 2026,Não,V26
S58666881,RASTEIRA ESFERAS OFF WHITE,220,VERÃO 2026,Não,V26
S585QZ012,TAMANCO BICO FOLHA CARAMELO,217,VERÃO 2026,Não,V26
S5863W002,PAPETE FIVELAS PRETO,213,VERÃO 2026,Não,V26
S58667050,RASTEIRA FLOR BRONZE,213,VERÃO 2026,Não,V26
S586A1616,PAPETE MEIA ESFERA ENFEITE NUDE,212,VERÃO 2026,Não,V26
S5867H006,TÊNIS PINGENTES PRATA,212,VERÃO 2026,Não,V26
S5863Z012,PAPETE ENFEITES CARAMELO,210,VERÃO 2026,Não,V26
S5869W616,TAMANCO ENFEITE OVAL NUDE,209,VERÃO 2026,Não,V26
S586A7724,RASTEIRA DE TIRAS DOURADO,208,VERÃO 2026,Não,V26
S5866O050,TAMANCO FLOR BRONZE,204,VERÃO 2026,Não,V26
S58663724,RASTEIRA ENFEITES E SPIKES DOURADA,201,VERÃO 2026,Não,V26
S5864F012,RASTEIRA ENFEITES CARAMELO,198,VERÃO 2026,Não,V26
S5869M012,RASTEIRA TIRAS STRASS CARAMELO,192,VERÃO 2026,Não,V26
S5866L724,RASTEIRA MACRAMÊ DOURADO,190,VERÃO 2026,Não,V26
S5863M170,PAPETE COMFORT ENFEITES MARROM,190,VERÃO 2026,Não,V26
S58690724,RASTEIRA PEDRARIA DOURADO,189,VERÃO 2026,Não,V26
S5863W012,PAPETE FIVELAS CARAMELO,185,VERÃO 2026,Não,V26
S5863T881,TAMANCO SPIKES OFF WHITE,181,VERÃO 2026,Não,V26
S58650012,RASTEIRA SPIKES CARAMELO,180,VERÃO 2026,Não,V26
S58652881,PAPETE ENFEITE OFF WHITE,180,VERÃO 2026,Não,V26
S5867G003,TÊNIS RECORTES BRANCO,179,VERÃO 2026,Não,V26
S5865E881,PAPETE ENFEITE OFF WHITE,178,VERÃO 2026,Não,V26
S5869N012,SANDÁLIA TIRAS STRASS CARAMELO,178,VERÃO 2026,Não,V26
S58657002,TAMANCO BICO FOLHA TIRA ÚNICA PRETO,177,VERÃO 2026,Não,V26
S5852P012,SANDÁLIA DE TIRA CARAMELO,177,VERÃO 2026,Não,V26
S5866H170,RASTEIRA ENFEITE MARROM,176,VERÃO 2026,Não,V26
S58676012,ANABELA TRESSÊ CARAMELO,175,VERÃO 2026,Não,V26
S585HE012,RASTEIRA TIRA STRASS CARAMELO,172,VERÃO 2026,Não,V26
S5867P881,PAPETE AMARRAÇÃO OFF WHITE,171,VERÃO 2026,Não,V26
S5869U006,SANDÁLIA LAÇO PRATA,171,VERÃO 2026,Não,V26
S5864D170,TAMANCO MEIA ESFERAS MARROM,171,VERÃO 2026,Não,V26
S585FP724,SANDÁLIA STRASS DOURADO,171,VERÃO 2026,Não,V26
S5863U002,RASTEIRA ENFEITE TRIANGULAR PRETO,170,VERÃO 2026,Não,V26
S5868Y881,RASTEIRA STRASS OFF WHITE,169,VERÃO 2026,Não,V26
S5863T002,TAMANCO SPIKES PRETO,168,VERÃO 2026,Não,V26
S5869V724,SANDÁLIA TIRAS DOURADO,166,VERÃO 2026,Não,V26
S58666012,RASTEIRA ESFERAS CARAMELO,165,VERÃO 2026,Não,V26
S58659012,SANDÁLIA ENFEITE CARAMELO,165,VERÃO 2026,Não,V26
S58649881,SCARPIN TACHAS OFF WHITE,163,VERÃO 2026,Não,V26
S586A3724,SANDÁLIA MACRAMÊ DOURADO,160,VERÃO 2026,Não,V26
S5869T724,SANDÁLIA TIRAS DOURADO,156,VERÃO 2026,Não,V26
S5864P724,TAMANCO RECORTES DOURADO,155,VERÃO 2026,Não,V26
S58658881,RASTEIRA FLOR OFF WHITE,155,VERÃO 2026,Não,V26
S5869X044,RASTEIRA NÓ PRATA VELHO,151,VERÃO 2026,Não,V26
S58640881,PAPETE TACHAS OFF WHITE,149,VERÃO 2026,Não,V26
S586AE724,TÊNIS JOGGING DOURADO,149,VERÃO 2026,Não,V26
S5866X010,SANDÁLIA RÁFIA BEGE,148,VERÃO 2026,Não,V26
S58664170,RASTEIRA ENFEITES E TACHAS MARROM,148,VERÃO 2026,Não,V26
S5866G881,RASTEIRA ENFEITE OFF WHITE,148,VERÃO 2026,Não,V26
S5867C881,RASTEIRA TACHAS OFF WHITE,147,VERÃO 2026,Não,V26
S5868P012,RASTEIRA STRASS CARAMELO,146,VERÃO 2026,Não,V26
S58693724,SANDÁLIA MEIA PATA DOURADO,144,VERÃO 2026,Não,V26
S5867M881,TÊNIS TELA OFF WHITE,143,VERÃO 2026,Não,V26
S5864D724,TAMANCO MEIA ESFERAS DOURADO,142,VERÃO 2026,Não,V26
S5864O012,SCARPIN ENFEITE CARAMELO,142,VERÃO 2026,Não,V26
S5864T002,RASTEIRA ENFEITE QUADRADO PRETO,142,VERÃO 2026,Não,V26
S5867P002,PAPETE AMARRAÇÃO PRETO,140,VERÃO 2026,Não,V26
C5868Q881,TAMANCO RECORTES OFF WHITE,138,VERÃO 2026,Não,V26
S5869J012,SANDÁLIA FIVELA CARAMELO,138,VERÃO 2026,Não,V26
S5869Z881,SANDÁLIA SALTO CROMADO OFF WHITE,134,VERÃO 2026,Não,V26
S5864K012,SCARPIN FIVELAS CALCE FÁCIL CARAMELO,133,VERÃO 2026,Não,V26
S5864O002,SCARPIIN ENFEITE PRETO,133,VERÃO 2026,Não,V26
S5864T010,RASTEIRA ENFEITES QUADRADOS BEGE,131,VERÃO 2026,Não,V26
S58697881,SAPATILHA BONECA PEDRARIA OFF WHITE,130,VERÃO 2026,Não,V26
S5868T012,RASTEIRA PEDRAS CARAMELO,130,VERÃO 2026,Não,V26
S586AE006,TÊNIS JOGGING PRATA,130,VERÃO 2026,Não,V26
S5867F616,TÊNIS RECORTES NUDE,129,VERÃO 2026,Não,V26
S5869O724,SANDÁLIA PEDRAS DOURADO,129,VERÃO 2026,Não,V26
S58649002,SCARPIN TACHAS PRETO,128,VERÃO 2026,Não,V26
S5867C012,RASTEIRA TACHAS CARAMELO,127,VERÃO 2026,Não,V26
S5865E002,PAPETE ENFEITE PRETO,127,VERÃO 2026,Não,V26
S5863U045,RASTEIRA ENFEITE TRIANGULAR VERDE,126,VERÃO 2026,Não,V26
S58677170,ANABELA SPIKES MARROM,126,VERÃO 2026,Não,V26
S5866I012,TAMANCO CLOG CARAMELO,125,VERÃO 2026,Não,V26
S586A4012,TAMANCO LAÇO CARAMELO,124,VERÃO 2026,Não,V26
S5863J002,RASTEIRA ENFEITES FLOR PRETO,124,VERÃO 2026,Não,V26
S586A2616,RASTEIRA ENFEITES OVAIS NUDE,123,VERÃO 2026,Não,V26
S586A4055,TAMANCO LAÇO PALHA,122,VERÃO 2026,Não,V26
S5863O012,PAPETE COMFORT FIVELA CARAMELO,121,VERÃO 2026,Não,V26
S5868C012,RASTEIRA TACHAS CARAMELO,121,VERÃO 2026,Não,V26
S5863M010,PAPETE COMFORT ENFEITES BEGE,121,VERÃO 2026,Não,V26
S58641170,SANDÁLIA MEIA ESFERAS MARROM,121,VERÃO 2026,Não,V26
S5869J002,SANDÁLIA FIVELA PRETO,119,VERÃO 2026,Não,V26
S5852P002,SANDÁLIA DE TIRAS PRETO,118,VERÃO 2026,Não,V26
S58641724,SANDÁLIA MEIA ESFERAS DOURADO,118,VERÃO 2026,Não,V26
S5869K616,PAPETE STRASS NUDE,117,VERÃO 2026,Não,V26
S585FP002,SANDÁLIA STRASS PRETO,116,VERÃO 2026,Não,V26
S5864Z010,RASTEIRA BRILHO NÓ BEGE,115,VERÃO 2026,Não,V26
S5865G018,RASTEIRA TACHAS AMARELO,115,VERÃO 2026,Não,V26
S5869G003,TÊNIS RECORTES LASER BRANCO,115,VERÃO 2026,Não,V26
S5867F005,TÊNIS RECORTES AZUL,115,VERÃO 2026,Não,V26
S5867J003,TÊNIS MULTI RECORTES BRANCO,115,VERÃO 2026,Não,V26
S5866D022,RASTEIRA ENFEITE ROSA,113,VERÃO 2026,Não,V26
S58669881,RASTEIRA ESFERAS OFF WHITE,109,VERÃO 2026,Não,V26
S58675012,RASTEIRA ENFEITE CARAMELO,108,VERÃO 2026,Não,V26
C5864A616,ANABELA NÓ ENFEITE NUDE,108,VERÃO 2026,Não,V26
S5865A170,SANDÁLIA TACHAS MARROM,107,VERÃO 2026,Não,V26
S5868L724,SAPATILHA LAÇO E TACHAS DOURADO,107,VERÃO 2026,Não,V26
C58670616,MOCASSIM BRIDÃO NUDE,106,VERÃO 2026,Não,V26
S58698881,TAMANCO ENFEITE QUADRADO OFF WHITE,105,VERÃO 2026,Não,V26
S5868M012,SAPATILHA LASER ENFEITE CARAMELO,104,VERÃO 2026,Não,V26
S5863P009,RASTEIRA BICO FOLHA ENFEITE CAFE,103,VERÃO 2026,Não,V26
S5864R170,RASTEIRA MACRAMÊ MARROM,103,VERÃO 2026,Não,V26
S5864K002,SCARPIN FIVELAS CALCE FÁCIL PRETO,103,VERÃO 2026,Não,V26
S5869L881,SANDÁLIA STRASS OFF WHITE,102,VERÃO 2026,Não,V26
S5864S881,SANDÁLIA MACRAMÊ OFF WHITE,102,VERÃO 2026,Não,V26
S5865C012,RASTEIRA ENFEITE OVAL CARAMELO,101,VERÃO 2026,Não,V26
S5866B002,RASTEIRA ENFEITE PRETO,100,VERÃO 2026,Não,V26
S58695724,SANDÁLIA NÓS DOURADO,99,VERÃO 2026,Não,V26
S5863K170,RASTEIRA RECORTES E ENFEITES MARROM,99,VERÃO 2026,Não,V26
S58677616,ANABELA SPIKES NUDE,98,VERÃO 2026,Não,V26
S585RD006,RASTEIRA STRASS PRATA,98,VERÃO 2026,Não,V26
S5864I881,TAMANCO PLATAFORMA SPIKES OFF WHITE,97,VERÃO 2026,Não,V26
S5864Q881,SCARPIN TRESSÊ OFF WHITE,97,VERÃO 2026,Não,V26
S5868J002,SANDÁLIA FESTA STRASS PRETO,96,VERÃO 2026,Não,V26
S585TN881,PAPETE PEDRARIA OFF WHITE,95,VERÃO 2026,Não,V26
S58667010,RASTEIRA FLOR BEGE,95,VERÃO 2026,Não,V26
S5864X724,SAPATILHA TRESSÊ DOURADO,94,VERÃO 2026,Não,V26
S5866M012,SANDÁLIA MACRAMÊ CARAMELO,94,VERÃO 2026,Não,V26
S5868W005,RASTEIRA ESFERA AZUL,92,VERÃO 2026,Não,V26
S5868V012,SAPATILHA RECORTES CARAMELO,92,VERÃO 2026,Não,V26
S5866L044,RASTEIRA MACRAMÊ PRATA VELHO,91,VERÃO 2026,Não,V26
S58678012,ANABELA ENFEITE ESFERAS CARAMELO,90,VERÃO 2026,Não,V26
S5865F018,SANDÁLIA TACHAS AMARELO,90,VERÃO 2026,Não,V26
S58690006,RASTEIRA PEDRARIA PRATA,90,VERÃO 2026,Não,V26
S5865G005,RASTEIRA TACHAS AZUL,89,VERÃO 2026,Não,V26
S5866F009,RASTEIRA ENFEITE CAFE,89,VERÃO 2026,Não,V26
S5866P012,ANABELA ARGOLA CARAMELO,89,VERÃO 2026,Não,V26
S5868M881,SAPATILHA LASER ENFEITE OFF WHITE,89,VERÃO 2026,Não,V26
S5852P724,SANDÁLIA DE TIRA DOURADO,88,VERÃO 2026,Não,V26
S5868U012,RASTEIRA PEDRAS CARAMELO,88,VERÃO 2026,Não,V26
S58665045,PAPETE FIVELA VERDE,88,VERÃO 2026,Não,V26
S5863P881,RASTEIRA BICO FOLHA ENFEITE OFF WHITE,87,VERÃO 2026,Não,V26
S5868H002,SAPATILHA FIVELA E TACHAS PRETO,87,VERÃO 2026,Não,V26
S5866Y881,SANDÁLIA TACHAS OFF WHITE,87,VERÃO 2026,Não,V26
S5866Y039,SANDÁLIA TACHAS BORDO,87,VERÃO 2026,Não,V26
S5868L120,SAPATILHA LAÇO E TACHAS BRANCO C/ PRETO,87,VERÃO 2026,Não,V26
S5866I002,TAMANCO CLOG PRETO,85,VERÃO 2026,Não,V26
S5868K018,SCARPIN SLINGBACK AMARELO,84,VERÃO 2026,Não,V26
S5864U170,TAMANCO PESPONTO MARROM,84,VERÃO 2026,Não,V26
S5866D003,RASTEIRA ENFEITE BRANCO,83,VERÃO 2026,Não,V26
S5864S170,SANDÁLIA MACRAMÊ MARROM,82,VERÃO 2026,Não,V26
S58655006,SANDÁLIA TIRAS FESTA PRATA,81,VERÃO 2026,Não,V26
S5865B009,SANDÁLIA TIRAS CAFE,81,VERÃO 2026,Não,V26
T586A4045,TAMANCO LAÇO VERDE,81,VERÃO 2026,Não,V26
S58642881,SANDÁLIA TACHAS OFF WHITE,80,VERÃO 2026,Não,V26
S58645012,SCARPIN TRAMADO NÓ CARAMELO,80,VERÃO 2026,Não,V26
T5867N055,SAPATILHA BONECA FLORES PALHA,80,VERÃO 2026,Não,V26
S5863Y724,PAPETE MEIA ESFERAS DOURADO,77,VERÃO 2026,Não,V26
T5869A881,TÊNIS TRAMA OFF WHITE,77,VERÃO 2026,Não,V26
S58675045,RASTEIRA ENFEITE VERDE,76,VERÃO 2026,Não,V26
S584D2170,SANDÁLIA AMARRAÇÃO MARROM,76,VERÃO 2026,Não,V26
S5869K881,PAPETE STRASS OFF WHITE,76,VERÃO 2026,Não,V26
S585QZ050,TAMANCO BICO FOLHA BRONZE,75,VERÃO 2026,Não,V26
C58671002,MOCASSIM LASER MEDALHA PRETO,75,VERÃO 2026,Não,V26
S5866C881,RASTEIRA TRANÇAS OFF WHITE,74,VERÃO 2026,Não,V26
S58673881,TAMANCO MACRAMÊ OFF WHITE,74,VERÃO 2026,Não,V26
C58671724,MOCASSIM LASER MEDALHA DOURADO,73,VERÃO 2026,Não,V26
S5863Y170,PAPETE MEIA ESFERAS MARROM,73,VERÃO 2026,Não,V26
S5867M022,TÊNIS TELA ROSA,73,VERÃO 2026,Não,V26
S5863K881,RASTEIRA RECORTES E ENFEITES OFF WHITE,73,VERÃO 2026,Não,V26
C58670724,MOCASSIM BRIDÃO DOURADO,73,VERÃO 2026,Não,V26
S5869C170,PAPETE TIRAS TACHAS MARROM,73,VERÃO 2026,Não,V26
S5866J724,SACRPIN SLINGBACK DOURADO,72,VERÃO 2026,Não,V26
S58692881,TAMANCO TRAMA OFF WHITE,72,VERÃO 2026,Não,V26
S5863R881,SCARPIN RECORTES OFF WHITE,71,VERÃO 2026,Não,V26
S5864R881,RASTEIRA MACRAMÊ OFF WHITE,70,VERÃO 2026,Não,V26
S5860F012,MOCASSIM LAÇO ENFEITE CARAMELO,70,VERÃO 2026,Não,V26
S5863O002,PAPETE COMFORT FIVELA PRETO,69,VERÃO 2026,Não,V26
S58693881,SANDÁLIA MEIA PATA OFF WHITE,69,VERÃO 2026,Não,V26
S58562010,SCARPIN SALTO ALTO FINO BEGE,69,VERÃO 2026,Não,V26
C58671881,MOCASSIM LASER MEDALHA OFF WHITE,69,VERÃO 2026,Não,V26
S5869L616,SANDÁLIA STRASS NUDE,68,VERÃO 2026,Não,V26
S5866Z012,RASTEIRA RÁFIA CARAMELO,67,VERÃO 2026,Não,V26
S5868D015,SCARPIN SLINGBACK FIVELA VERMELHO,67,VERÃO 2026,Não,V26
S5863R002,SCARPIN RECORTES PRETO,67,VERÃO 2026,Não,V26
S5866J009,SCARPIN SLINGBACK CAFE,67,VERÃO 2026,Não,V26
S5866O881,TAMANCO FLOR OFF WHITE,67,VERÃO 2026,Não,V26
S5866N724,SANDÁLIA TRANÇA DOURADO,66,VERÃO 2026,Não,V26
C58672881,TÊNIS LASER OFF WHITE,66,VERÃO 2026,Não,V26
S5866B881,RASTEIRA ENFEITE OFF WHITE,66,VERÃO 2026,Não,V26
S58692012,TAMANCO TRAMA CARAMELO,66,VERÃO 2026,Não,V26
S5868W881,RASTEIRA ESFERA OFF WHITE,65,VERÃO 2026,Não,V26
S5864Y010,TAMANCO BRILHO NÓ BEGE,65,VERÃO 2026,Não,V26
S5866V010,RASTEIRA TIRA TRAMADA BEGE,65,VERÃO 2026,Não,V26
S58696012,ANABELA TIRAS CARAMELO,65,VERÃO 2026,Não,V26
S5866R881,RASTEIRA CRAVOS OFF WHITE,65,VERÃO 2026,Não,V26
S5866W881,RASTEIRA NÓ PASSADOR OFF WHITE,65,VERÃO 2026,Não,V26
S5865F005,SANDÁLIA TACHAS AZUL,65,VERÃO 2026,Não,V26
S5866P881,ANABELA ARGOLA OFF WHITE,64,VERÃO 2026,Não,V26
S5868E881,SCARPIN LAÇO OFF WHITE,64,VERÃO 2026,Não,V26
S5868H010,SAPATILHA FIVELA E TACHAS BEGE,63,VERÃO 2026,Não,V26
S5865C881,RASTEIRA TEXTURA ENFEITE OVAL OFF WHITE,62,VERÃO 2026,Não,V26
S5868L616,SAPATILHA LAÇO E TACHAS NUDE,62,VERÃO 2026,Não,V26
S5864H012,TAMANCO PLATAFORMA RECORTES CARAMELO,62,VERÃO 2026,Não,V26
S586AC005,ANABELA TRAMA FIVELA AZUL,61,VERÃO 2026,Não,V26
S5866H881,RASTEIRA ENFEITE OFF WHITE,61,VERÃO 2026,Não,V26
S5863Q012,TAMANCO RECORTES CARAMELO,60,VERÃO 2026,Não,V26
S58658045,RASTEIRA FLOR VERDE,59,VERÃO 2026,Não,V26
S5855K006,SAPATILHA BONECA TACHAS PRATA,58,VERÃO 2026,Não,V26
S58651009,MEIA PATA TACHAS CAFE,58,VERÃO 2026,Não,V26
S58682039,PAPETE FIVELA BORDO,58,VERÃO 2026,Não,V26
S5868K015,SCARPIN SLINGBACK VERMELHO,58,VERÃO 2026,Não,V26
S58682881,PAPETE FIVELA OFF WHITE,57,VERÃO 2026,Não,V26
S5866E005,RASTEIRA LAÇOS AZUL,55,VERÃO 2026,Não,V26
S5864N015,SANDÁLIA FIVELA VERMELHO,55,VERÃO 2026,Não,V26
S5866J002,SCARPIN SLINGBACK PRETO,54,VERÃO 2026,Não,V26
S5866A881,SAPATILHA TACHAS OFF WHITE,53,VERÃO 2026,Não,V26
S5863L170,SANDÁLIA RECORTES E ENFEITES MARROM,53,VERÃO 2026,Não,V26
S5867M045,TÊNIS TELA VERDE,53,VERÃO 2026,Não,V26
C5864B616,TAMANCO COURO ENTRELAÇADO NUDE,53,VERÃO 2026,Não,V26
S5868D616,SCARPIN SLINGBACK FIVELA NUDE,52,VERÃO 2026,Não,V26
S5868N881,MOCASSIM BRIDÃO BAMBU OFF WHITE,52,VERÃO 2026,Não,V26
S586A9724,TÊNIS TEXTURA DOURADO,52,VERÃO 2026,Não,V26
S5863J018,RASTEIRA ENFEITES FLOR AMARELO,52,VERÃO 2026,Não,V26
S5866M018,SANDÁLIA MACRAMÊ AMARELO,51,VERÃO 2026,Não,V26
S58673002,TAMANCO MACRAMÊ PRETO,49,VERÃO 2026,Não,V26
S586A9006,TÊNIS TEXTURA PRATA,49,VERÃO 2026,Não,V26
S5868K002,SCARPIN SLINGBACK PRETO,49,VERÃO 2026,Não,V26
S586AH012,TAMANCO ENFEITE CARAMELO,49,VERÃO 2026,Não,V26
S5869H616,TÊNIS LASER NUDE,48,VERÃO 2026,Não,V26
S5866A039,SAPATILHA TACHAS BORDO,48,VERÃO 2026,Não,V26
S58649045,SCARPIN TACHAS VERDE,48,VERÃO 2026,Não,V26
T58674881,MOCASSIM TRAMADO LAÇO OFF WHITE,47,VERÃO 2026,Não,V26
S5868Z881,TÊNIS PESPONTOS OFF WHITE,46,VERÃO 2026,Não,V26
S5865B881,SANDÁLIA TIRAS OFF WHITE,46,VERÃO 2026,Não,V26
S5863V012,TAMANCO FIVELA CARAMELO,45,VERÃO 2026,Não,V26
S586AB170,ANABELA PESPONTO MARROM,45,VERÃO 2026,Não,V26
S5864Q005,SCARPIN TRESSÊ AZUL,44,VERÃO 2026,Não,V26
S5863J881,RASTEIRA ENFEITES FLOR OFF WHITE,44,VERÃO 2026,Não,V26
S5869S616,SCARPIN ENFEITE NUDE,43,VERÃO 2026,Não,V26
S586AD012,ANABELA TRANÇA CARAMELO,42,VERÃO 2026,Não,V26
S585UW881,MOCASSIM NÓ MONOCROMÁTICO OFF WHITE,41,VERÃO 2026,Não,V26
S5868N009,MOCASSIM BRIDÃO BAMBU CAFE,40,VERÃO 2026,Não,V26
S58668012,SAPATILHA MACRAMÊ CARAMELO,40,VERÃO 2026,Não,V26
S5866R005,RASTEIRA CRAVOS AZUL,39,VERÃO 2026,Não,V26
S5868E002,SLINGBACK LAÇO PRETO,39,VERÃO 2026,Não,V26
S5863S002,SANDÁLIA PEEP TOE PRETO,38,VERÃO 2026,Não,V26
T5867O002,SCARPIN SLINGBACK TRAMA PRETO,38,VERÃO 2026,Não,V26
S5868U724,RASTEIRA PEDRAS DOURADO,37,VERÃO 2026,Não,V26
S5868O010,SANDÁLIA TRAMADO CALCE FÁCIL BEGE,37,VERÃO 2026,Não,V26
S5869N881,SANDÁLIA TIRAS STRASS OFF WHITE,37,VERÃO 2026,Não,V26
S58668724,SAPATILHA MACRAMÊ DOURADO,36,VERÃO 2026,Não,V26
S5866S881,SANDÁLIA NÓ OFF WHITE,36,VERÃO 2026,Não,V26
S585TB881,RASTEIRA STRASS OFF WHITE,36,VERÃO 2026,Não,V26
S58644012,SAPATILHA TIRAS STRASS CARAMELO,36,VERÃO 2026,Não,V26
C5868S881,TAMANCO RECORTES OFF WHITE,34,VERÃO 2026,Não,V26
S5868M045,SAPATILHA LASER ENFEITE VERDE,34,VERÃO 2026,Não,V26
S58665009,PAPETE FIVELA CAFE,33,VERÃO 2026,Não,V26
S5867S010,ALPARGATA BORDADA BEGE,33,VERÃO 2026,Não,V26
S5863R045,SCARPIN RECORTES VERDE,33,VERÃO 2026,Não,V26
S5866J010,SACARPIN SLINGBACK BEGE,32,VERÃO 2026,Não,V26
S5866P039,ANABELA ARGOLA BORDO,32,VERÃO 2026,Não,V26
S5868W045,RASTEIRA ESFERA VERDE,32,VERÃO 2026,Não,V26
S5866E018,RASTEIRA LAÇOS AMARELO,32,VERÃO 2026,Não,V26
S5866T689,SAPATILHA PAETÊ ONCA,32,VERÃO 2026,Não,V26
T5867O010,SCARPIN SLINGBACK TRAMA BEGE,32,VERÃO 2026,Não,V26
S5863L881,SANDÁLIA RECORTES E ENFEITES OFF WHITE,32,VERÃO 2026,Não,V26
S58644881,SAPATILHA TIRAS STRASS OFF WHITE,32,VERÃO 2026,Não,V26
S5863V002,TAMANCO FIVELA PRETO,31,VERÃO 2026,Não,V26
T585JY002,SAPATILHA SLINGBACK TRAMA PRETO,31,VERÃO 2026,Não,V26
S5866U616,ALPARGATA PAETÊ NUDE,30,VERÃO 2026,Não,V26
S5869P012,SANDÁLIA MEIA PATA TIRA CARAMELO,30,VERÃO 2026,Não,V26
S5869C010,PAPETE TIRAS TACHAS BEGE,29,VERÃO 2026,Não,V26
S5866D045,RASTEIRA ENFEITE VERDE,29,VERÃO 2026,Não,V26
S5866C039,RASTEIRA TRANÇA BORDO,29,VERÃO 2026,Não,V26
S586A5012,ANABELA TEXTURA CARAMELO,29,VERÃO 2026,Não,V26
S586A0012,PAPETE TACHAS CARAMELO,27,VERÃO 2026,Não,V26
S5864L002,SANDÁLIA TIRAS SALTO RÉGUA PRETO,26,VERÃO 2026,Não,V26
S5868G012,SAPATILHA RECORTES TACHAS CARAMELO,26,VERÃO 2026,Não,V26
S5868O002,SANDÁLIA TRAMADO CALCE FÁCIL PRETO,25,VERÃO 2026,Não,V26
S5869Q881,SANDÁLIA TIRAS NÓ OFF WHITE,25,VERÃO 2026,Não,V26
S586AA002,ANABELA FIVELAS PRETO,24,VERÃO 2026,Não,V26
S5869P002,SANDÁLIA MEIA PATA TIRA PRETO,23,VERÃO 2026,Não,V26
C5864C045,SANDÁLIA COURO ENTRELAÇADA VERDE,22,VERÃO 2026,Não,V26
S5864M015,TAMANCO FIVELA VERMELHO,21,VERÃO 2026,Não,V26
C5868R045,RASTEIRA RECORTES VERDE,20,VERÃO 2026,Não,V26
S5864M012,TAMANCO FIVELA CARAMELO,20,VERÃO 2026,Não,V26
C5864C616,SANDÁLIA COURO ENTRELAÇADA NUDE,19,VERÃO 2026,Não,V26
S5866U045,ALPARGATA PAETÊ VERDE,18,VERÃO 2026,Não,V26
S5866U689,ALPARGATA PAETÊ ONCA,18,VERÃO 2026,Não,V26
S58669039,RASTEIRA ESFERAS BORDO,17,VERÃO 2026,Não,V26
S5866S039,SANDÁLIA NÓ BORDO,15,VERÃO 2026,Não,V26
S5868V002,SAPATILHA RECORTES PRETO,13,VERÃO 2026,Não,V26
S586AG724,RASTEIRA PEDRAS DOURADO,13,VERÃO 2026,Não,V26
C586A8005,MOCASSIM PESPONTO AZUL,12,VERÃO 2026,Não,V26
S5864X881,SAPATILHA TRESSÊ OFF WHITE,12,VERÃO 2026,Não,V26
C586A8022,MOCASSIM PESPONTO ROSA,7,VERÃO 2026,Não,V26
C5864B045,TAMANCO COURO ENTRELAÇADO VERDE,6,VERÃO 2026,Não,V26
S5852P616,SANDÁLIA DE TIRA NUDE,6,VERÃO 2026,Não,V26
S5864X005,SAPATILHA TRESSÊ AZUL,5,VERÃO 2026,Não,V26
T58674002,MOCASSIM TELA TRAMADO LAÇO PRETO,3,VERÃO 2026,Não,V26
S5869S002,SCARPIN ENFEITE PRETO,2,VERÃO 2026,Não,V26
S5867K003,TÊNIS MULTI RECORTES BRANCO,2,VERÃO 2026,Não,V26
